,gens,fit_run_0,fit_run_1,fit_run_2,fit_run_3,fit_run_4,fit_run_5,fit_run_6,fit_run_7,fit_run_8,fit_run_9,fit_run_10,fit_run_11,fit_run_12,fit_run_13,fit_run_14,fit_run_15,fit_run_16,fit_run_17,fit_run_18,fit_run_19,fit_run_20,fit_run_21,fit_run_22,fit_run_23,fit_run_24,fit_run_25,fit_run_26,fit_run_27,fit_run_28,fit_run_29
0,0,3362517930.7396145,6612719625.6561985,6457810807.879009,6425035692.28902,3462744010.6385317,6430771606.070885,4086679088.459357,6367695159.894583,4251655253.916562,6378833920.761493,6102000685.225272,7157053061.982516,7021397322.277682,6610686463.326936,6494244801.033391,6063635142.3905735,6630080699.851089,6431563382.159701,6365843631.750589,6381888630.334864,6769787165.1985445,6272416429.32095,6410406881.870964,5271445901.6874275,3612836891.8355737,4059544151.351769,4905313854.396784,6494460643.007778,3383095005.148545,6448729245.135533
1,1,6231516475.275119,6367659340.421649,3505957255.1294527,2045958343.1166048,5548669995.28844,3812883620.57174,4469656300.834395,4007597187.661773,3434533556.9504457,5639830541.998728,6102000685.225272,6438415327.862391,2772294520.381922,6357358364.922258,6417125912.674126,3505957255.1294527,3505957255.1294527,6431563382.159701,3505957255.1294527,605420384.2245041,6385623112.1493435,2168238436.943451,5892741344.5874405,5013031584.771887,3505957255.1294527,657322898.4312557,2229549382.1241817,1524334792.2763374,5932797225.282352,3602201585.511235
2,2,3494980913.8870854,3885537847.4411926,3505957255.1294527,2045958343.1166048,3505957255.1294527,4280420826.797041,3505957255.1294527,3633153916.375226,3434533556.9504457,5639830541.998728,3201984126.594073,6438415327.862391,2227684088.361573,2758830086.7357416,1767388577.5948713,1348784789.9635339,3505957255.1294527,3399666358.9215,3505957255.1294527,72349500.3841087,2635806966.057958,2168238436.943451,3505957255.1294527,3505957255.1294527,664290814.5276439,657322898.4312557,1270106345.0108907,513978208.55076617,3505957255.1294527,5069768924.73493
3,3,1235396398.299757,3298588624.939152,1671595293.2334347,696996718.4296826,3505957255.1294527,996965987.9622188,3505957255.1294527,1285245641.7426019,681619003.8490735,5960944065.4561405,1127291680.3523996,5146810364.224473,663810473.2537879,2431464256.6244817,1767388577.5948713,1348784789.9635339,3505957255.1294527,2700478074.6933107,3137964710.7442036,72349500.3841087,2635806966.057958,2168238436.943451,3505957255.1294527,3505957255.1294527,664290814.5276439,5530461.370119941,1270106345.0108907,67406676.69642667,1896678204.8192365,1796859145.5119677
4,4,1235396398.299757,1313364654.2466881,1671595293.2334347,696996718.4296826,3505957255.1294527,3505957255.1294527,662696978.7323995,1285245641.7426019,681619003.8490735,472927582.95352834,3201984126.594073,904299867.7785286,2227684088.361573,2758830086.7357416,1767388577.5948713,29248084.109473724,2833083412.229856,1949581011.594954,3137964710.7442036,72349500.3841087,662148259.7445688,2168238436.943451,669070441.1978649,1335766240.6702383,684023641.0610597,5530461.370119941,178203076.24867666,67406676.69642667,1896678204.8192365,1796859145.5119677
5,5,1235396398.299757,1313364654.2466881,1671595293.2334347,696996718.4296826,3115860205.7860265,2204454261.2779536,662696978.7323995,73740074.32576413,681619003.8490735,472927582.95352834,3201984126.594073,904299867.7785286,2227684088.361573,908318624.005865,1767388577.5948713,29248084.109473724,567715208.343973,527506505.1430498,3399783037.0201025,72349500.3841087,662148259.7445688,2168238436.943451,2964855686.395316,489743750.36004645,592856658.1218928,5530461.370119941,178203076.24867666,67406676.69642667,2176003.3141725655,713925824.0009025
6,6,537057536.8665686,554546638.8065183,47639271.3329665,696996718.4296826,3115860205.7860265,641396267.062074,662696978.7323995,8661275.428614456,681619003.8490735,472927582.95352834,3201984126.594073,904299867.7785286,889754499.369907,648925591.3809272,399640303.4020363,29248084.109473724,567715208.343973,527506505.1430498,2983656760.003053,72349500.3841087,662148259.7445688,2168238436.943451,1865140234.682033,489743750.36004645,536499883.76218146,5530461.370119941,151801719.31443197,67406676.69642667,1137423886.525652,713925824.0009025
7,7,537057536.8665686,554546638.8065183,47639271.3329665,468118305.7308166,21322324.361926384,641396267.062074,594700750.8340393,8661275.428614456,681619003.8490735,472927582.95352834,1127291680.3523996,805860609.5655751,889754499.369907,230240663.4858277,399640303.4020363,29248084.109473724,567715208.343973,527506505.1430498,2983656760.003053,72349500.3841087,662148259.7445688,2168238436.943451,1865140234.682033,22164255.123618744,536499883.76218146,5530461.370119941,29586584.2802072,67406676.69642667,1137423886.525652,418479089.9709067
8,8,537057536.8665686,4944052.800510088,47639271.3329665,209838970.38210103,1392596322.5518694,641396267.062074,594700750.8340393,8661275.428614456,681619003.8490735,472927582.95352834,1127291680.3523996,714614809.1649747,118770135.09157692,230240663.4858277,399640303.4020363,29248084.109473724,567715208.343973,527506505.1430498,294124882.97660154,72349500.3841087,365345342.49736124,711370719.9660423,1093802657.0211,241086252.20227292,536499883.76218146,5530461.370119941,151801719.31443197,67406676.69642667,313078667.41810745,1656813153.9083002
9,9,537057536.8665686,4944052.800510088,47639271.3329665,209838970.38210103,46570237.83285032,641396267.062074,553832941.2461576,8661275.428614456,681619003.8490735,472927582.95352834,1127291680.3523996,714614809.1649747,118770135.09157692,230240663.4858277,399640303.4020363,20061033.587922674,536505406.45312685,527506505.1430498,294124882.97660154,72349500.3841087,365345342.49736124,711370719.9660423,837674152.8439925,192605405.77963394,536499883.76218146,5530461.370119941,127334071.48681729,67406676.69642667,494460173.3186276,1656813153.9083002
10,10,537057536.8665686,4944052.800510088,57712.1298377713,158204192.8145961,46570237.83285032,641396267.062074,553832941.2461576,8661275.428614456,681619003.8490735,472927582.95352834,394574520.68060064,37103185.167390585,154830430.39175376,230240663.4858277,399640303.4020363,20061033.587922674,560856066.1309139,527506505.1430498,294124882.97660154,72349500.3841087,365345342.49736124,561467639.615123,425627195.5475317,192605405.77963394,536499883.76218146,5530461.370119941,29586584.280207146,67406676.69642667,494460173.3186276,1656813153.9083002
11,11,183825200.58882695,4944052.800510088,10557490.520870462,158204192.8145961,46570237.83285032,641396267.062074,553832941.2461576,8661275.428614456,565547807.5018795,141972620.93831536,16422339.465240277,475277173.2828224,35342207.190555565,230240663.4858277,34649422.42391911,20061033.587922674,123621.02359458305,438094346.2152761,294124882.97660154,1221338.789515039,312795668.38859105,711370719.9660423,425627195.5475317,192605405.77963394,50303841.807832964,5530461.370119941,4152733.44165308,67406676.69642667,313078667.41810745,200672566.68502367
12,12,152617950.7985099,4944052.800510088,47639271.3329665,33823517.6752846,46570237.83285032,641396267.062074,553832941.2461576,8661275.428614456,216588998.8011857,141972620.93831536,16422339.465240277,450665857.50833166,35342207.190555565,648925591.3809272,34649422.42391911,20061033.587922674,123621.02359458305,438094346.2152761,294124882.97660154,1221338.789515039,312795668.38859105,542668866.9514669,425627195.5475317,192605405.77963394,16439360.225353329,5530461.370119941,127334071.48681729,67406676.69642667,338215421.6646891,200672566.68502367
13,13,152617950.7985099,4944052.800510088,18805509.104517106,33823517.6752846,332733040.22046465,641396267.062074,90542006.09787996,8661275.428614456,110124120.09614265,141972620.93831536,16422339.465240277,475277173.2828224,35342207.190555565,12942245.23869567,1976461.8705776834,20061033.587922674,540689175.6038527,527506505.1430498,294124882.97660154,1221338.789515039,312795668.38859105,549570984.0647784,425627195.5475317,192605405.77963394,16439360.225353329,5530461.370119941,127334071.48681729,67406676.69642667,316540392.1338751,200672566.68502367
14,14,8274.392941417458,4944052.800510088,18805509.104517106,108367861.88440928,332733040.22046465,584416677.2089671,90542006.09787996,8661275.428614456,110124120.09614265,141972620.93831536,16422339.465240277,15408255.942165738,35342207.190555565,12942245.23869567,59700211.751507446,20061033.587922674,540689175.6038527,201807255.08918586,26013543.55170097,1221338.789515039,312795668.38859105,1277164167.915251,425627195.5475317,192605405.77963394,18833825.551460236,5530461.370119941,52400802.40337004,67406676.69642667,200093960.0426303,301527733.2161156
15,15,8274.392941417458,4944052.800510088,18805509.104517106,2554079.8678470473,324085014.3546998,584416677.2089671,90542006.09787996,8661275.428614456,110124120.09614265,183481167.46376023,16422339.465240277,15408255.942165738,35342207.190555565,648925591.3809272,59700211.751507446,6654229.973001781,540689175.6038527,201807255.08918586,26013543.55170097,2902884.900219028,17649076.338030137,1277164167.915251,105808617.06594265,31439052.67537294,16439360.225353329,5530461.370119941,127334071.48681729,61132709.865950786,200093960.0426303,301527733.2161156
16,16,33899579.22211742,1771244.1566005803,47639271.3329665,2554079.8678470473,167175353.3459438,430992189.486092,90542006.09787996,8661275.428614456,110124120.09614265,171652520.8610021,16422339.465240277,15408255.942165738,35342207.190555565,192664305.51495036,59700211.751507446,6654229.973001781,540689175.6038527,201807255.08918586,26013543.55170097,2902884.900219028,131947095.73353077,544586147.8866606,105808617.06594265,31439052.67537294,16439360.225353329,1691748.7139092386,52400802.40337008,67406676.69642667,41069174.11175126,301527733.2161156
17,17,5198731.1188771995,1771244.1566005803,47639271.3329665,2554079.8678470473,167175353.3459438,430992189.486092,90542006.09787996,8661275.428614456,894116.1208603559,171652520.8610021,16422339.465240277,15408255.942165738,35342207.190555565,12942245.23869567,45783609.62273178,20061033.587922674,390072176.7457724,201807255.08918586,26013543.55170097,2902884.900219028,131947095.73353077,544586147.8866606,265681979.98401555,19550059.7462104,16439360.225353329,1691748.7139092386,52400802.40337008,67406676.69642667,140329170.64876014,301527733.2161156
18,18,5198731.1188771995,1771244.1566005803,47639271.3329665,158204192.81459606,167175353.3459438,45455200.678496085,90542006.09787996,8661275.428614456,894116.1208603559,134031180.20641203,16422339.465240277,15408255.942165704,19666.75472984397,115822.54581523755,45783609.62273178,20061033.587922674,61593241.980760515,29481587.41007986,26013543.551701017,2902884.900219028,131947095.73353077,544586147.8866606,105808617.06594265,19550059.7462104,43663.83375710412,1691748.7139092386,44293438.40368294,67406676.69642667,140329170.64876014,10441282.98692522
19,19,5198731.1188771995,1771244.1566005803,47639271.3329665,158204192.81459606,26387094.93907804,45455200.678496085,90542006.09787996,2761.652829893729,110124120.09614265,17658740.756794285,16422339.465240275,15408255.942165704,19666.75472984397,115822.54581523755,45783609.62273178,20061033.587922674,390072176.7457724,29481587.41007986,26013543.551701017,2902884.900219028,131947095.73353077,544586147.8866606,105808617.06594265,31439052.67537294,43663.83375710412,1691748.7139092386,44293438.40368294,10402257.438431501,140329170.64876014,10441282.98692522
20,20,5198731.1188771995,1771244.1566005803,47639271.3329665,48782.424950998175,26387094.93907804,45455200.678496085,90542006.09787996,2761.652829893729,110124120.09614265,17658740.756794285,4161734.111953512,15408255.942165704,19666.75472984397,115822.54581523755,45783609.62273178,139833.67278674926,44813202.49576762,29481587.41007986,26013543.551701017,2902884.900219028,131947095.73353077,544586147.8866606,105808617.06594265,31439052.67537294,43663.83375710412,1691748.7139092386,52400802.40337008,4511137.485836607,140329170.64876014,10441282.98692522
21,21,5198731.1188771995,1771244.1566005803,11480058.89446155,8866.98212412802,26387094.93907804,45455200.678496085,90542006.09787996,2761.652829893729,110124120.09614265,17658740.756794285,4161734.111953512,15408255.942165704,19666.75472984397,115822.54581523755,45783609.62273178,139833.67278674812,35845951.18832796,29481587.41007986,26013543.55170097,251071.63287766685,131947095.73353077,11690297.642453665,105808617.06594265,31439052.67537294,43663.83375710412,1691748.7139092386,52400802.40337008,4511137.485836607,140329170.64876014,1728648.611822004
22,22,5198731.1188771995,1771244.1566005803,441940.5161957134,8866.98212412802,167175353.3459438,552016139.9991832,29497320.479419537,8661275.428614456,110124120.09614265,17658740.756794285,4161734.111953512,15408255.942165738,19666.75472984397,115822.54581523755,45783609.62273178,139833.67278674812,35845951.18832796,29481587.41007986,26013543.55170097,2902884.900219026,27136751.665073406,11690297.642453665,105808617.06594265,31439052.67537294,43663.83375710412,1691748.7139092386,52400802.40337008,14477138.944075754,140329170.64876014,6708700.960019163
23,23,5198731.1188771995,1771244.1566005803,441940.5161957134,8866.98212412802,42111741.682708286,552016139.9991832,29497320.479419537,8661275.428614456,110124120.09614265,17658740.756794285,4161734.111953512,15408255.942165738,19666.75472984397,115822.54581523755,45783609.62273178,14362492.410393916,35845951.18832796,29481587.41007986,26013543.55170097,2902884.900219026,27136751.665073406,16808606.06647874,105808617.06594265,31439052.67537294,43663.83375710412,1691748.7139092386,52400802.40337008,14477138.944075754,140329170.64876014,6708700.960019163
24,24,5198731.1188771995,1771244.1566005803,441940.5161957134,8866.98212412802,167175353.3459438,13313418.259666143,11250156.41798033,4197165.961833015,19045552.929792274,17658740.756794285,4161734.111953512,15408255.942165738,19666.75472984397,115822.54581523755,45783609.62273178,14362492.410393916,35845951.18832796,29481587.41007986,26013543.55170097,2902884.900219026,119770.25208291697,171172957.10956854,105808617.06594265,7589538.891343099,13812611.214232195,1691748.7139092386,52400802.40337008,14477138.944075754,23485720.149271697,6708700.960019163
25,25,5198731.1188771995,1771244.1566005803,441940.5161957134,8866.98212412802,42111741.682708286,13313418.259666143,11250156.41798033,4217232.383210198,19045552.929792274,17658740.756794285,4161734.111953512,2874925.627144066,19666.75472984397,115822.54581523755,45783609.62273178,14362492.410393916,35845951.18832796,29481587.41007986,26013543.55170097,2902884.900219026,2096095.5315523657,171172957.10956854,105808617.06594265,7589538.891343099,18833825.551460236,1691748.7139092386,52400802.40337008,3714247.73078477,140329170.64876014,6708700.960019163
26,26,5198731.1188771995,1771244.1566005803,11480058.89446152,8866.98212412802,42111741.682708286,13313418.259666143,11250156.41798033,4217232.383210198,19045552.929792274,58655624.75559757,4161734.111953512,2874925.627144066,19666.75472984397,115822.54581523755,8234756.2947897045,14362492.410393916,35845951.18832796,9670053.566014722,26013543.55170097,2902884.900219026,2096095.5315523657,171172957.10956854,105808617.06594265,1743722.9109168795,2502462.5420939624,1691748.7139092386,17874763.366500188,14477138.944075754,31969696.1454534,782347.2116364582
27,27,5198731.1188771995,1771244.1566005803,11480058.89446152,8866.98212412802,42111741.682708286,13313418.259666143,11250156.41798033,4217232.383210198,19045552.929792274,58655624.75559757,4161734.111953512,2874925.627144066,19666.75472984397,115822.54581523755,8234756.2947897045,14362492.410393916,35845951.18832796,9670053.566014722,26013543.55170097,2902884.900219026,17773.246230763605,8996711.71538586,105808617.06594265,1743722.9109168795,2502462.5420939624,1691748.7139092386,17874763.366500188,14477138.944075754,21617385.732378654,782347.2116364582
28,28,5198731.1188771995,1771244.1566005803,11480058.89446152,8866.98212412802,167175353.3459438,13313418.259666143,11250156.41798033,4217232.383210198,19045552.929792274,231509.56314179182,4161734.111953512,2874925.627144066,19666.75472984397,115822.54581523755,8234756.2947897045,14362492.410393916,35845951.18832796,9670053.566014722,13786543.657247234,2902884.900219022,17773.246230763605,8996711.71538586,105808617.06594265,7589538.891343099,18833825.551460236,1691748.7139092386,17874763.366500188,14477138.944075754,31969696.1454534,782347.2116364476
29,29,5198731.1188771995,1771244.1566005803,11480058.89446152,8866.98212412802,167175353.3459438,13313418.259666143,11250156.41798033,4217232.383210198,19045552.929792274,231509.56314179182,4161734.111953512,2874925.627144078,19666.75472984397,115822.54581523755,8234756.2947897045,14362492.410393916,3319306.7235883884,29481587.41007986,26013543.551701,2902884.900219026,17773.246230763605,8996711.71538586,105808617.06594265,1374563.1026387354,18833825.551460236,1691748.7139092386,17874763.366500188,13709318.098464167,31969696.1454534,443344.7914652313
30,30,5198731.118877192,1771244.1566005803,11480058.89446152,8866.98212412802,167175353.3459438,13313418.259666143,514877.4984186281,4217232.383210198,19045552.929792274,231509.56314179182,4161734.111953512,2874925.627144078,19666.75472984397,115822.54581523755,8234756.2947897045,14362492.410393894,3319306.7235883884,1357330.5955807217,26013543.551701,2902884.900219026,17773.246230763605,8996711.71538586,105808617.06594265,7589538.891343099,18833825.551460236,1691748.7139092386,17874763.366500188,14477138.944075754,31969696.1454534,443344.7914652313
31,31,5198731.1188771995,1771244.1566005803,7496442.748588389,8866.98212412802,167175353.3459438,13313418.259666143,514877.4984186281,1731552.903254523,19045552.929792274,231509.56314179182,4161734.111953512,2874925.627144078,19666.75472984397,115822.54581523755,8234756.2947897045,14362492.410393894,3319306.7235883884,1357330.5955807217,26013543.551701,2902884.900219026,17773.246230763605,8996711.71538586,105808617.06594265,7589538.891343099,18833825.551460236,1691748.7139092386,17874763.366500188,14477138.944075754,31969696.1454534,782347.2116364582
32,32,5198731.1188771995,1771244.1566005803,7496442.748588389,8866.982124127302,150911419.8800207,13313418.259666143,514877.4984186281,4217232.383210198,19045552.929792274,231509.56314179182,4161734.111953512,2874925.627144078,19666.75472984397,115822.54581523755,8234756.2947897045,14362492.410393894,479416.91802011715,1357330.5955807217,26013543.55170097,2902884.900219026,17773.246230763605,8996711.71538586,105808617.06594265,7589538.891343099,18833825.551460236,1691748.7139092144,35865082.07929791,2772511.251099223,31969696.1454534,782347.2116364582
33,33,2062194.3574239258,1404322.2590873414,71213.60043729817,8866.982124127302,150911419.8800207,12808559.042494416,514877.4984186281,4217232.383210198,14698986.716149151,231509.56314179182,4161734.111953512,2874925.627144078,19666.75472984397,115822.54581523755,8234756.2947897045,14362492.410393894,479416.91802011715,1357330.5955807217,26013543.55170097,2902884.900219026,17773.246230763605,8996711.71538586,105808617.06594265,7589538.891343099,18833825.551460236,1691748.7139092144,35865082.07929791,2772511.251099223,31969696.1454534,782347.2116364582
34,34,5198731.1188771995,1404322.2590873414,71213.60043729817,8866.98212412802,12079988.0234861,13313418.259666143,90542006.09787996,4217232.383210198,14698986.716149151,231509.56314179182,4161734.111953512,2874925.627144078,19666.75472984397,115822.54581523755,8234756.2947897045,14362492.410393894,479416.91802011715,29481587.41007986,26013543.55170097,2902884.900219026,17773.246230763605,8996711.71538586,105808617.06594257,7589538.891343099,2320294.9766437598,1691748.7139092144,35865082.07929791,2772511.251099223,31969696.1454534,782347.2116364561
35,35,5198731.1188771995,1404322.2590873414,71213.60043729817,8866.98212412802,167175353.3459438,13313418.259666143,90542006.09787996,4217232.383210198,14698986.716149151,231509.56314179182,4161734.111953512,2874925.627144078,19666.75472984397,115822.54581523755,8234756.2947897045,14362492.410393894,479416.91802011715,29481587.41007986,26013543.55170097,2902884.900219026,17773.246230763605,8996711.71538586,105808617.06594265,7589538.891343099,2320294.9766437598,1691748.7139092144,35865082.07929791,2772511.251099223,31969696.1454534,782347.2116364561
36,36,1715126.7402674195,1404322.2590873414,71213.60043729817,8866.98212412802,167175353.3459438,13313418.259666143,90542006.09787996,4217232.383210198,19045552.929792274,231509.56314179182,4161734.111953512,296751.59520983294,19666.75472984397,115822.54581523755,8234756.2947897045,14362492.410393894,479416.91802011715,29481587.41007986,26013543.55170097,2902884.900219026,17773.246230763605,8996711.71538586,105808617.06594265,7589538.891343099,2320294.9766437598,1691748.7139092144,35865082.07929791,2772511.251099223,31969696.1454534,782347.2116364561
37,37,1715126.7402674195,15020.671462115914,71213.60043729817,8866.98212412802,22675670.848273993,13313418.259666143,37562538.787273854,4217232.383210198,19045552.929792263,231509.56314179182,4161734.111953512,296751.59520983294,19666.754729842472,115822.54581523755,8234756.294789699,14362492.410393894,479416.91802011715,29481587.41007986,26013543.55170097,2902884.900219026,17773.246230763605,8996711.71538586,22755875.56146483,7589538.891343099,18833825.551460236,1691748.7139092144,35865082.07929791,2772511.251099223,31969696.1454534,782347.2116364476
38,38,5198731.1188771995,15020.671462115914,71213.60043729817,8866.98212412802,22675670.848273993,5071556.873713756,37562538.787273854,4217232.383210198,19045552.929792263,231509.56314179182,4161734.111953512,296751.59520983294,19666.754729842472,115822.54581523755,8234756.294789699,14362492.410393894,479416.91802011715,29481587.41007986,26013543.55170097,2902884.900219026,17773.246230763605,8996711.71538586,22755875.56146483,7589538.891343099,18833825.551460236,1691748.7139092144,35865082.07929791,2772511.2510992177,31969696.1454534,782347.2116364476
39,39,5198731.1188771995,15020.671462115914,71213.60043729817,8866.98212412802,22675670.848273993,1777835.7483518717,37562538.787273854,4217232.383210179,19045552.929792263,231509.56314179182,4161734.111953512,296751.59520983294,19666.754729842472,115822.54581523755,8234756.294789699,14362492.410393894,479416.91802011715,29481587.41007986,26013543.55170097,2902884.900219026,17773.246230763605,8996711.71538586,22755875.56146483,7524134.364696776,1261083.0515721082,1691748.7139092144,35865082.07929791,2772511.2510992177,31969696.1454534,453551.89186383993
40,40,5198731.118877192,15020.671462115914,71213.60043729817,8866.982124127937,22675670.848273993,1777835.7483518717,37562538.787273854,4217232.383210198,19045552.929792263,231509.56314179182,4161734.111953512,296751.59520983294,19666.754729842472,115822.54581523755,8234756.294789699,14362492.410393894,479416.91802011715,29481587.410079807,26013543.55170097,2902884.900219022,17773.246230763605,8996711.71538586,22755875.56146483,7589538.891343099,18833825.551460236,1691748.7139092144,35865082.07929791,1776019.2930446605,31969696.1454534,453551.89186383993
41,41,5198731.118877192,15020.671462115914,71213.60043729817,8866.982124127937,22675670.848273993,13313418.259666143,12475.094028848212,4217232.383210198,19045552.929792263,231509.56314179182,4161734.111953512,296751.59520983294,19666.754729842472,115822.54581523755,8234756.294789699,14362492.410393894,479416.91802011715,29481587.410079792,26013543.55170097,2902884.900219022,17773.246230763605,8996711.71538586,22755875.56146483,7589538.891343099,18833825.551460236,1691748.7139092144,35865082.07929791,1776019.2930446605,31969696.1454534,453551.89186383993
42,42,5198731.1188771995,15020.671462115914,71213.60043729817,8866.982124127937,22675670.848273993,13313418.259666143,12475.094028848212,4217232.383210179,19045552.929792263,231509.56314179182,4161734.111953512,296751.59520983294,19666.754729842472,115822.54581523755,8234756.294789699,774563.6823193565,479416.91802011715,29481587.410079792,26013543.55170097,2902884.900219026,17773.246230763605,8996711.71538586,22755875.56146483,7589538.891343099,18833825.551460236,1691748.7139092144,35865082.07929791,1776019.2930446605,31969696.1454534,453551.89186383993
43,43,5198731.1188771995,15020.671462115914,71213.60043729817,8866.982124127937,22675670.848273993,13313418.259666143,37562538.787273854,4217232.383210179,841509.6144629356,231509.56314179182,4161734.1119534886,296751.59520983294,19666.754729842472,115822.54581523755,8234756.294789699,110003.46327382894,479416.91802011715,29481587.410079792,26013543.55170097,2902884.900219026,17773.246230763605,8996711.71538586,22755875.56146483,7589538.891343099,18833825.551460218,1691748.7139092144,659461.6576744816,1776019.2930446605,31969696.1454534,453551.89186383993
44,44,5198731.1188771995,15020.671462115914,71213.60043729817,8866.982124127937,22675670.848273993,13313418.2596661,37562538.787273854,4217232.383210179,841509.6144629356,231509.56314179182,4161734.1119534886,296751.59520983294,19666.754729842472,115822.54581523755,8234756.294789699,110003.46327382894,479416.91802011715,29481587.410079792,26013543.55170097,2902884.900219026,17773.246230763605,8996711.71538586,22755875.56146483,7589538.891343099,2184134.1278779055,1691748.7139092144,8923396.120869406,1776019.2930446605,31969696.1454534,453551.89186383993
45,45,5198731.1188771995,15020.671462115914,71213.60043729817,8866.982124127937,22675670.848273993,13313418.2596661,37562538.787273854,4217232.383210198,841509.6144629356,231509.56314179182,4161734.1119534886,296751.59520983294,19666.754729842472,115822.54581523755,8234756.294789699,110003.46327382894,479416.91802011715,29481587.410079792,26013543.55170097,2902884.900219022,17773.246230763605,8996711.71538586,22755875.56146483,7589538.891343099,18833825.551460218,1691748.7139092144,35865082.07929783,1776019.2930446605,31969696.1454534,453551.89186383993
46,46,5198731.1188771995,15020.671462115914,71213.60043729817,8866.982124127937,22675670.848273993,13313418.2596661,9329584.325670512,4217232.383210179,841509.6144629334,231509.56314179182,4161734.1119534886,296751.59520983294,19666.754729842472,115822.54581523755,8234756.294789699,110003.46327382894,479416.91802011715,29481587.410079792,26013543.55170097,2902884.900219022,17773.246230763605,8996711.71538586,18182290.73377567,7589538.891343099,18833825.551460218,1691748.7139092144,35865082.07929783,1776019.2930446605,31969696.1454534,453551.89186383993
47,47,5198731.1188771995,15020.671462115914,71213.60043729817,8866.982124127937,22675670.848273993,13313418.259666143,9329584.325670512,4217232.383210179,841509.6144629334,231509.56314179182,4161734.1119534886,296751.59520983294,19666.754729842472,115822.54581523755,8234756.294789699,110003.46327382894,479416.91802011715,29481587.410079792,26013543.55170097,2902884.900219022,17773.246230763605,8996711.71538586,18182290.73377567,7589538.891343099,18833825.551460218,1691748.7139092144,35865082.07929783,1776019.2930446605,31969696.1454534,453551.89186383993
48,48,5198731.1188771995,15020.671462115914,71213.60043729817,8866.982124127937,22675670.848273993,13313418.2596661,37562538.787273854,4217232.383210179,841509.6144629334,231509.56314179182,4161734.1119534886,296751.59520983294,19666.754729842472,115822.54581523755,8234756.294789699,110003.46327382894,479416.91802011715,8157050.308252018,26013543.55170097,2902884.900219022,17773.246230763605,8996711.71538586,18182290.73377567,7589538.891343099,18833825.551460218,1691748.7139092144,35865082.07929783,1776019.2930446605,8434841.645338055,453551.89186383993
49,49,5198731.1188771995,15020.671462115914,71213.60043729817,8866.982124127937,22675670.848273993,13313418.2596661,37562538.787273854,4217232.383210179,841509.6144629334,231509.56314179182,4161734.1119534886,296751.59520983294,19666.754729842472,115822.54581523755,8234756.294789699,110003.46327382894,479416.91802011715,29481587.410079792,26013543.55170097,2902884.900219022,17773.246230763605,8996711.71538586,22755875.56146483,7589538.891343099,18833825.551460218,1691748.7139092144,35865082.07929783,1776019.2930446605,146478.91352459948,453551.89186383993
50,50,5198731.1188771995,15020.671462115914,71213.60043729817,8866.982124127937,22675670.848273993,13313418.2596661,19221073.595951572,4217232.383210179,841509.6144629334,231509.56314179182,4161734.1119534886,296751.59520983294,19666.754729842472,115822.54581523755,8234756.294789699,110003.46327382894,479416.91802011715,29481587.410079792,26013543.55170097,383738.76872141066,17773.246230763605,8996711.71538586,22755875.56146483,7589538.891343099,9494696.627374573,1691748.7139092144,35865082.07929783,1776019.2930446605,146478.91352459948,453551.89186383993
51,51,5198731.1188771995,15020.671462115914,71213.60043729817,8866.982124127937,22675670.848273993,13313418.2596661,19221073.595951572,4217232.383210179,841509.6144629334,231509.56314179182,4161734.111953512,296751.59520983294,19666.754729842472,115822.54581523755,8234756.294789699,110003.46327382894,479416.91802011715,23520635.778366596,5992765.929538939,383738.76872141066,17773.246230763605,8996711.71538586,22755875.56146483,7589538.891343099,18833825.551460218,1691748.7139092144,1481898.5417398363,1776019.2930446605,146478.91352459948,453551.89186383993
52,52,5198731.1188771995,15020.671462115914,71213.60043729817,8866.982124127937,22675670.848273993,13313418.2596661,19221073.595951572,4217232.383210179,841509.6144629334,231509.56314179182,4161734.111953512,296751.59520983294,19666.754729842472,115822.54581523755,8234756.294789699,110003.46327382894,479416.91802011715,23520635.778366596,5992765.929538939,2902884.900219022,17773.246230763605,8996711.71538586,22755875.56146483,7589538.891343099,18833825.551460218,984642.9494486894,35865082.07929783,1776019.2930446605,146478.91352459948,453551.89186383993
53,53,5198731.1188771995,15020.671462115914,71213.60043729817,8866.982124127302,22675670.848273993,13313418.2596661,19221073.595951572,4217232.383210179,841509.6144629334,231509.56314179182,4161734.111953512,296751.59520983294,19666.754729842472,115822.54581523755,8234756.294789699,110003.46327382894,479416.91802011715,23520635.778366596,5992765.929538939,2902884.900219026,17773.246230763605,8996711.71538586,22755875.56146483,7589538.891343099,17067798.43623553,984642.9494486894,3567309.1815146403,1776019.2930446605,146478.91352459948,453551.89186383993
54,54,5198731.1188771995,15020.671462115914,71213.60043729817,8866.982124127302,22675670.84827399,13313418.2596661,1380593.649810313,6926.6951550603635,841509.6144629229,231509.56314179182,4161734.111953512,296751.59520983294,19666.754729842472,115822.54581523755,8234756.294789699,110003.46327382894,479416.91802011715,10605884.270710237,5992765.929538939,2902884.900219022,17773.246230763605,11224.275016954442,22755875.56146483,7589538.891343099,18833825.551460218,984642.9494486894,3567309.1815146403,1776019.2930446605,146478.91352459948,453551.89186383993
55,55,5198731.1188771995,15020.671462115914,71213.60043729817,8866.982124127302,2419433.9260876183,13313418.2596661,1380593.649810313,4217232.383210179,841509.6144629334,231509.56314179182,4161734.111953512,296751.59520983294,19666.754729842472,115822.54581523755,8234756.294789699,110003.46327382894,479416.91802011715,10605884.270710237,5992765.929538939,2902884.900219026,17773.246230763605,11224.275016954442,22755875.56146483,468066.92463697365,18833825.551460218,984642.9494486894,3567309.1815146403,1776019.2930446605,146478.91352459948,453551.89186383993
56,56,5198731.118877196,15020.671462115914,71213.60043729817,8866.982124127302,2419433.9260876183,13313418.2596661,1380593.649810313,4217232.383210179,841509.6144629334,231509.56314179182,137058.72700589965,296751.59520983294,19666.754729842472,115822.54581523755,8234756.294789699,110003.46327382894,479416.91802011715,10605884.270710237,5992765.929538939,2902884.900219022,17773.246230763605,11224.275016954442,22755875.56146483,468066.92463697365,18833825.551460218,984642.9494486894,3567309.1815146403,1776019.2930446605,146478.91352459948,521.5687104138754
57,57,5198731.118877196,870984.3240234174,71213.60043729817,8866.982124127302,2419433.9260876183,13313418.2596661,1380593.649810313,4217232.383210179,841509.6144629334,231509.56314179182,4161734.111953512,296751.59520983294,19666.754729842472,115822.54581523755,8234756.294789699,110003.46327382894,479416.91802011715,10605884.270710237,5992765.929538939,2902884.900219022,17773.246230763605,11224.275016954442,22755875.56146483,7589538.891343099,18833825.551460218,984642.9494486894,3567309.1815146403,1776019.2930446605,146478.91352459948,453551.89186383993
58,58,5198731.118877196,870984.3240234174,71213.60043729817,8866.982124127302,1629714.308107062,13313418.2596661,1380593.649810313,4217232.383210179,841509.6144629334,231509.56314179182,4161734.111953512,296751.59520983294,19666.754729842472,115822.54581523755,8234756.294789699,110003.46327382894,479416.91802011715,10605884.270710237,5992765.929538939,2902884.900219022,17773.246230763605,11224.275016954442,22755875.56146483,17937.965207551188,18833825.551460218,984642.9494486894,3567309.1815146403,1776019.2930446605,146478.91352459948,453551.89186383993
59,59,5198731.1188771995,870984.3240234174,71213.60043729817,8866.982124127302,1629714.308107062,13313418.2596661,1380593.649810313,4217232.383210179,276323.41629396036,231509.56314179182,4161734.111953512,296751.59520983294,19666.754729842472,115822.54581523755,8234756.294789699,110003.46327382894,479416.91802011715,10605884.270710237,5992765.929538939,2902884.900219022,17773.246230763605,11224.275016954442,22755875.56146483,17937.965207551188,11454245.91174953,984642.9494486894,3567309.1815146403,1776019.2930446605,146478.91352459948,453551.89186383993
60,60,5198731.118877192,870984.3240234174,71213.60043729817,8866.982124127302,1629714.308107062,13313418.2596661,1380593.649810313,4217232.383210179,276323.41629396036,231509.56314179182,4161734.111953512,296751.59520983294,19666.754729842472,115822.54581523755,8234756.294789699,110003.46327382894,479416.91802011715,10605884.270710237,5992765.929538939,2902884.900219022,17773.246230763605,11224.275016954442,22755875.56146483,7589538.891343099,11454245.91174953,984642.9494486894,3567309.1815146403,48477.77642976779,146478.91352459948,453551.89186383993
61,61,5198731.118877196,870984.3240234174,71213.60043729817,8866.982124127302,1629714.308107062,13313418.2596661,1380593.649810313,4217232.383210179,276323.41629396036,231509.56314179182,4161734.111953512,296751.59520983294,19666.754729842472,115822.54581523755,3558753.2977285176,110003.46327382894,479416.91802011715,10605884.270710237,5992765.929538939,2902884.900219022,17773.246230763605,11224.275016954442,22755875.56146483,7589538.891343099,4744523.1884817,984642.9494486894,3567309.1815146403,48477.77642976779,146478.91352459948,453551.89186383993
62,62,5198731.1188771995,870984.3240234174,71213.60043729817,8866.982124127302,1629714.308107062,13313418.2596661,1380593.649810313,4217232.383210179,276323.41629396036,231509.56314179182,1484843.7753753087,296751.59520983294,19666.754729842472,115822.54581523755,8234756.294789699,110003.46327382894,479416.91802011715,23520635.778366596,5992765.929538939,2902884.900219022,17773.246230763605,11224.275016954442,22755875.56146479,7589538.891343099,4744523.1884817,538505.4805853043,2906181.282156149,48477.77642976779,146478.91352459948,453551.89186383993
63,63,5198731.1188771995,870984.3240234174,71213.60043729817,8866.982124127302,1629714.308107062,13313418.2596661,1380593.649810313,4217232.383210179,276323.41629396036,231509.56314179182,4161734.111953512,296751.59520983294,19666.754729842472,115822.54581523755,8234756.294789699,110003.46327382894,479416.91802011715,23520635.778366596,5992765.929538939,2902884.900219022,17773.246230763605,11224.275016954442,22755875.56146479,7589538.891343099,4744523.188481693,984642.9494486894,2906181.282156149,48477.77642976779,146478.91352459948,453551.89186383993
64,64,5198731.118877192,870984.3240234174,71213.60043729817,8866.982124127302,1629714.308107062,13313418.2596661,1380593.649810313,4217232.383210179,276323.41629396036,231509.56314179182,4161734.111953512,296751.59520983294,19666.754729842472,115822.54581523755,8234756.294789699,2391.977562730151,479416.91802011715,23520635.778366596,5992765.929538939,2902884.900219022,17773.246230763605,11224.275016954442,22755875.56146479,7589538.891343099,10986843.60438323,160240.67703371737,2906181.282156149,48477.77642976779,146478.91352459948,453551.89186383993
65,65,2946262.8349576374,870984.3240234174,71213.60043729817,8866.982124127302,579862.3748246473,13313418.2596661,1380593.649810313,4217232.383210179,276323.41629396036,231509.56314179182,4161734.111953512,296751.59520983294,19666.754729842472,115822.54581523755,8234756.294789699,110003.46327382894,479416.91802011715,1319354.8609962242,5992765.929538939,2902884.900219022,17773.246230763605,11224.275016954442,22755875.56146483,2061137.5277743444,10986843.60438323,160240.67703371737,3567309.1815146403,48477.77642976779,146478.91352459948,453551.89186383993
66,66,5198731.118877192,870984.3240234174,7688.283928410736,8866.982124127302,579862.3748246473,11667163.981395207,1380593.649810313,4217232.383210179,276323.41629396036,231509.56314179182,4161734.111953512,296751.59520983294,19666.754729842472,115822.54581523755,8234756.294789699,110003.46327382598,479416.91802011715,23520635.778366596,5992765.929538939,2902884.900219022,17773.246230763605,11224.275016954442,22755875.56146483,2061137.5277743444,10986843.60438323,160240.67703371737,2906181.282156149,48477.77642976779,146478.91352459948,453551.89186383993
67,67,5198731.118877196,870984.3240234174,7688.283928410736,8866.982124127302,579862.3748246473,13313418.2596661,1380593.649810313,4217232.383210179,276323.41629396036,231509.56314179182,4161734.111953512,296751.59520983294,19666.754729842472,115822.54581523755,8234756.294789699,18399.243057645563,479416.91802011715,23520635.778366596,3875808.9133859263,2902884.900219022,17773.246230763605,8996711.71538586,22755875.56146479,7589538.891343099,786747.7355306554,160240.67703371737,3567309.1815146403,48477.77642976779,146478.91352459948,453551.89186383993
68,68,5198731.118877196,870984.3240234174,7688.283928410736,8866.982124127302,579862.3748246473,13313418.2596661,1380593.649810313,4217232.383210179,17478.458837744467,231509.56314179144,4161734.111953512,296751.59520983294,19666.754729842472,115822.54581523755,8234756.294789699,18399.243057645563,479416.9180201164,1976395.1581482003,3875808.9133859263,2902884.900219022,17773.246230763605,8996711.71538586,22755875.56146483,7589538.891343099,94.84086036096569,160240.67703370986,3567309.1815146087,48477.77642976779,146478.91352459948,453551.89186383993
69,69,5198731.118877196,870984.3240234174,7688.283928410736,8866.982124127302,579862.3748246473,13313418.2596661,1380593.649810313,4217232.383210179,17478.458837744467,231509.56314179144,4161734.1119534886,296751.59520982986,19666.754729842472,115822.54581523755,8234756.294789699,18399.243057645563,479416.9180201164,1976395.1581482003,5992765.929538939,2902884.900219022,17773.246230763605,8996711.71538586,22755875.56146479,883196.5618014043,3139240.7220326643,160240.67703370948,2863121.280983246,48477.77642976779,146478.91352459948,453551.89186383993
70,70,5198731.118877196,870984.3240234174,7688.283928410736,8866.982124127302,579862.3748246473,13313418.2596661,1380593.649810313,4217232.383210179,17478.458837744467,231509.56314179144,4161734.1119534886,296751.59520983294,19666.754729842472,115822.54581523755,8234756.294789699,18399.243057645563,479416.9180201164,1976395.1581482003,5992765.929538939,2902884.900219022,17773.246230763605,8996711.71538586,22755875.56146479,883196.5618014043,3139240.7220326643,160240.67703370948,1623817.959230768,48477.77642976779,146478.91352459948,453551.89186383993
71,71,5198731.118877196,870984.3240234174,7688.283928410736,8866.982124127302,579862.3748246473,13313418.2596661,1380593.649810313,4217232.383210179,17478.458837744194,231509.56314179144,4161734.1119534886,296751.59520983294,19666.754729842472,115822.54581523755,8234756.294789699,18399.243057645563,479416.9180201164,1976395.1581482003,5992765.929538939,2902884.900219022,17773.246230763605,8996711.71538586,22755875.56146479,883196.5618014043,3139240.7220326643,160240.67703370948,1623817.959230768,48477.77642976779,146478.91352459948,453551.89186383993
72,72,5198731.118877192,870984.3240234174,7688.283928410736,8866.982124127302,579862.3748246473,13313418.2596661,1380593.649810313,4217232.383210179,17478.458837744194,231509.56314179144,4161734.1119534886,296751.59520983294,19666.754729842472,115822.54581523755,72221.14286295725,18399.243057645563,479416.9180201164,1976395.1581482003,5992765.929538939,2902884.900219022,17773.246230763605,8996711.71538586,22755875.56146479,883196.5618014043,3139240.7220326643,160240.67703370948,1623817.959230768,48477.77642976779,146478.91352459948,453551.89186383993
73,73,5198731.118877192,870984.3240234174,7688.283928410736,8866.982124127302,579862.3748246473,13313418.2596661,1380593.649810313,4217232.383210179,17478.458837744194,231509.56314179144,4161734.1119534886,296751.59520983294,19666.75472984233,115822.54581523755,72221.14286295725,18399.243057645563,479416.9180201164,1976395.1581482003,5992765.929538939,2902884.900219022,17773.246230763605,8996711.71538586,22755875.56146479,883196.5618014043,1513122.7440614952,1558.809010463227,1623817.959230768,48477.77642976779,146478.91352459227,8930.586633038416
74,74,5198731.118877192,870984.3240234174,7688.283928410736,8866.982124127302,579862.3748246473,13313418.2596661,1380593.649810313,4217232.383210179,17478.458837744194,231509.56314179144,4161734.1119534886,296751.59520983294,19666.754729842472,115822.54581523755,72221.14286295725,18399.243057645563,479416.9180201164,1976395.1581482003,5992765.929538939,2902884.900219022,17773.246230763605,8996711.71538586,22755875.56146479,883196.5618014043,1513122.7440614884,160240.67703370948,3567309.1815146403,48477.77642976779,146478.91352459227,8930.586633038416
75,75,5198731.118877192,870984.3240234174,7688.283928410736,8866.982124127302,579862.3748246473,13313418.2596661,1380593.649810313,4217232.383210179,17478.458837744194,231509.56314179144,4161734.1119534886,296751.59520983294,19666.754729842472,115822.54581523755,72221.14286295725,18399.243057645563,479416.9180201164,1976395.1581482003,5992765.929538939,2902884.900219022,17773.246230763605,8996711.71538586,22755875.56146479,883196.5618014043,1513122.7440614922,160240.67703370948,3567309.1815146087,48477.77642976779,146478.91352459227,453551.89186383993
76,76,5198731.118877192,870984.3240234174,7688.283928410736,8866.982124127302,101736.37534973955,13313418.2596661,1380593.649810313,4217232.383210179,17478.458837744194,231509.56314179144,4161734.1119534886,296751.59520983126,19666.754729842472,115822.54581523755,72221.14286295725,18399.243057645563,479416.9180201164,1976395.1581482003,2455508.02069615,2902884.900219022,17773.246230763605,8996711.71538586,22755875.56146479,883196.5618014043,1513122.7440614922,160240.67703370948,3567309.1815146087,48477.77642976779,146478.91352459227,453551.89186383993
77,77,5198731.118877192,870984.3240234174,7688.283928410736,8866.982124127302,101736.37534973955,13313418.2596661,1380593.649810313,4217232.383210179,17478.458837744194,231509.56314179144,4161734.1119534886,296751.59520983126,19666.754729842472,115822.54581523755,72221.14286295725,18399.243057645563,479416.9180201164,1976395.1581482003,2455508.02069615,2902884.900219022,17773.246230763605,8996711.71538586,22755875.56146479,883196.5618014043,1513122.7440614922,160240.67703370948,3567309.1815146087,48477.77642976779,38631.978310637984,453551.89186383993
78,78,5198731.118877192,870984.3240234174,7688.283928410736,8866.982124127302,101736.37534973955,13313418.2596661,1380593.649810313,4217232.383210179,17478.458837744194,231509.56314179144,4161734.1119534886,296751.59520983126,19666.75472984233,115822.54581523755,72221.14286295725,18399.243057645563,479416.9180201164,1976395.1581482003,2455508.02069615,2902884.900219022,17773.246230763605,8996711.71538586,22755875.56146479,883196.5618014043,1513122.7440614922,160240.67703370948,298191.3185878201,48477.77642976779,38631.978310637984,8930.586633038416
79,79,1936206.7494925677,870984.3240234174,7688.283928410736,8866.982124127302,101736.37534973955,13313418.2596661,1380593.649810313,4217232.383210179,17478.458837744194,231509.56314179144,139814.28143457053,59687.610118121585,19666.754729842472,115822.54581523755,72221.14286295725,18399.243057645563,479416.9180201164,1976395.1581481826,608083.6296842382,2902884.900219022,17773.246230763605,8996711.71538586,22755875.56146479,883196.5618014043,1513122.7440614922,160240.67703370948,298191.3185878201,48477.77642976779,38631.978310637984,8930.586633038416
80,80,1936206.7494925677,870984.3240234174,7688.283928410736,8866.982124127302,101736.37534973955,7021518.6126788985,344350.4580688992,4217232.383210179,17478.458837744194,231509.56314179144,139814.28143457053,296751.59520983294,19666.754729842472,115822.54581523755,72221.14286295725,18399.243057645563,479416.9180201164,1976395.1581482003,608083.6296842382,2902884.900219022,17773.246230763605,8996711.71538586,22755875.56146479,883196.5618014043,1513122.7440614922,160240.67703370948,298191.3185878201,48477.77642976779,38631.978310637984,8930.586633038416
81,81,1936206.7494925677,870984.3240234174,7688.283928410736,8866.982124127302,101736.37534973942,7021518.6126788985,344350.4580688992,4217232.383210179,17478.458837744194,231509.56314179144,4161734.1119534886,296751.59520983294,19666.754729842472,115822.54581523755,72221.14286295725,18399.243057645563,479416.9180201164,1976395.1581481826,608083.6296842382,2902884.900219022,17773.246230763605,8996711.71538586,22755875.56146479,883196.5618014043,1513122.7440614922,160240.67703370948,298191.3185878201,48477.77642976779,38631.978310637984,8930.586633038416
82,82,5198731.118877192,870984.3240234174,7688.283928410736,8866.982124127302,101736.37534973955,7021518.6126788985,344350.4580688992,4217232.383210179,17478.458837744194,231509.56314179144,4161734.1119534886,296751.59520983294,19666.754729842472,115822.54581523755,72221.14286295675,18399.243057645563,479416.9180201164,1976395.1581482003,608083.6296842382,2902884.900219022,17773.246230763605,8996711.71538586,22755875.56146479,883196.5618014043,1513122.7440614922,160240.67703370948,298191.3185878201,48477.77642976779,38631.978310637984,8930.586633038416
83,83,5198731.118877192,870984.3240234174,7688.283928410736,8866.982124127302,101736.37534973955,7021518.6126788985,113413.94398101953,4217232.383210179,17478.458837744194,231509.56314179144,4161734.1119534886,296751.59520982986,19666.754729842472,115822.54581523755,72221.14286295675,18399.243057645563,479416.9180201164,1976395.1581481826,608083.6296842382,2902884.900219022,17773.246230763605,8996711.71538586,22755875.56146479,883196.5618014043,1513122.7440614922,160240.67703370948,298191.3185878201,48477.77642976779,38631.978310637984,8930.586633038416
84,84,5198731.118877192,870984.3240234174,7688.283928410736,8866.982124127302,101736.37534973955,7021518.6126788985,113413.94398101953,4217232.383210179,17478.458837744194,231509.56314179144,4161734.1119534886,296751.59520983126,19666.75472984233,115822.54581523755,72221.14286295675,18399.243057645563,479416.9180201164,1976395.1581481826,608083.6296842382,2902884.900219022,17773.246230763605,8996711.71538586,22755875.56146479,883196.5618014043,1513122.7440614922,160240.67703370948,298191.3185878201,48477.77642976779,38631.978310637984,8930.586633038416
85,85,5198731.118877192,870984.3240234174,7688.283928410736,8866.982124127302,101736.37534973955,7021518.6126788985,113413.94398101953,4217232.383210179,17478.458837744194,231509.56314179144,4161734.1119534886,296751.59520983126,19666.75472984233,115822.54581523755,72221.14286295675,18399.243057645563,479416.9180201164,1976395.1581481826,608083.6296842382,2902884.900219022,17773.246230763605,8996711.71538586,22755875.56146479,883196.5618014043,9841.890250053633,160240.67703370948,298191.3185878201,48477.77642976779,38631.978310637984,8930.586633038416
86,86,5198731.118877192,870984.3240234174,7688.283928410736,8866.982124127302,101736.37534973955,7021518.6126788985,113413.94398101953,4217232.383210179,17478.458837744194,231509.56314179144,4161734.1119534886,296751.59520983126,19666.75472984233,115822.54581523755,72221.14286295675,18399.243057645563,479416.9180201164,1976395.1581481826,608083.6296842382,2902884.900219022,17773.246230763605,8996711.71538586,22755875.56146479,883196.5618014043,9841.890250053633,160240.67703370948,298191.3185878201,48477.77642976779,38631.978310637984,8930.586633038416
87,87,5198731.118877192,870984.3240234174,7688.283928410736,8866.982124127302,101736.37534973955,7021518.6126788985,113413.94398101953,4217232.383210179,17478.458837744194,231509.56314179144,4161734.1119534886,296751.59520983294,19666.75472984233,115822.54581523755,72221.14286295675,3934.448648103951,479416.9180201164,1976395.1581481826,608083.6296842382,2902884.900219022,17773.246230763605,8034090.441234224,22755875.56146479,883196.5618014043,9841.890250053633,160240.67703370913,298191.3185878201,48477.77642976779,38631.978310637984,1691.9120594287385
88,88,5198731.118877192,870984.3240234174,7688.283928410454,8866.982124127302,101736.37534973955,7021518.6126788985,113413.94398101953,4217232.383210179,17478.458837744194,231509.56314179144,4161734.1119534886,296751.59520983126,19666.75472984233,115822.54581523755,72221.14286295675,18399.243057645563,479416.9180201164,1976395.1581481826,608083.6296842382,2902884.900219022,17773.246230763605,8034090.441234224,22755875.56146479,883196.5618014043,9841.890250053633,160240.67703370913,298191.3185878201,48477.77642976779,38631.978310637984,8930.586633038416
89,89,376284.1736245573,60421.02224288464,7688.283928410454,8866.982124127302,101736.37534973955,7021518.6126788985,113413.94398101953,4217232.383210179,17478.458837744194,231509.56314179144,4161734.1119534886,296751.59520983126,19666.75472984233,115822.54581523755,72221.14286295675,18399.243057645563,479416.9180201164,1976395.1581481826,608083.6296842382,2902884.900219022,17773.246230763576,500705.5361289871,22755875.56146479,883196.5618014043,9841.890250053633,160240.67703370913,298191.3185878201,48477.77642976779,38631.978310637984,8930.586633038416
90,90,376284.1736245573,174984.7167117709,7688.283928410454,8866.982124127302,101736.37534973955,7021518.6126788985,113413.94398101953,4217232.383210179,17478.458837744194,231509.56314179144,4161734.1119534886,296751.59520983126,19666.75472984233,115822.54581523755,72221.14286295675,18399.243057645563,479416.9180201164,1976395.1581481826,608083.6296842382,2902884.900219022,17773.246230763576,500705.5361289871,22755875.56146479,883196.5618014043,9841.890250053633,160240.67703370913,298191.3185878201,48477.77642976779,38631.978310637984,8930.586633038416
91,91,5198731.118877192,174984.7167117709,7688.283928410454,8866.982124127302,101736.37534973955,7021518.6126788985,113413.94398101953,4217232.383210179,17478.458837744194,231509.56314179144,4161734.1119534886,296751.59520982986,19666.75472984233,115822.54581523755,72221.14286295725,18399.243057645563,479416.9180201164,1976395.1581481826,608083.6296842382,2902884.900219022,17773.246230763576,500705.5361289871,22755875.56146479,883196.5618014043,9841.890250053633,160240.67703370913,298191.3185878201,48477.77642976779,38631.978310637984,8930.586633038416
92,92,5198731.118877192,174984.7167117709,7688.283928410454,8866.982124127302,101736.37534973955,7021518.6126788985,113413.94398101953,4217232.383210179,17478.458837743336,231509.56314179144,4161734.1119534886,296751.59520982986,19666.75472984233,115822.54581523755,72221.14286295675,18399.243057645563,479416.9180201164,1976395.1581481826,14910.899820121205,2902884.900219022,17773.246230763576,500705.5361289871,22755875.56146479,883196.5618014043,9841.890250053633,160240.67703370913,298191.3185878201,48477.77642976779,38631.978310637984,8930.586633038416
93,93,5198731.118877192,174984.7167117709,7688.283928410454,8866.982124127302,101736.37534973955,7021518.6126788985,113413.94398101953,4217232.383210179,17478.458837743336,231509.56314179144,4161734.1119534886,296751.59520982986,19666.75472984233,115822.54581523755,72221.14286295675,18399.243057645563,479416.9180201164,1976395.1581481826,14910.899820121205,2902884.900219022,17773.246230763576,500705.5361289871,22755875.56146479,883196.5618014043,9841.890250053633,160240.67703370913,298191.3185878201,48477.77642976779,38631.978310637984,8930.586633038416
94,94,5198731.118877192,174984.7167117709,7688.283928410454,8866.982124127302,101736.37534973955,7021518.6126788985,113413.94398101953,4217232.383210179,17478.458837743336,231509.56314179144,4161734.1119534886,296751.59520983126,19666.75472984233,115822.54581523755,72221.14286295725,18399.243057645563,479416.9180201164,1976395.1581481826,14910.899820121205,2902884.900219022,17773.246230763576,500705.5361289871,22755875.56146479,883196.5618014043,9841.890250053633,160240.67703370913,298191.3185878201,48477.77642976779,38631.978310637984,8930.586633038392
95,95,5198731.118877192,174984.7167117709,7688.283928410454,8866.982124127302,101736.37534973955,7021518.6126788985,113413.94398101953,3388438.217964902,17478.458837743336,231509.56314179144,4161734.1119534886,296751.59520983126,19666.75472984233,115822.54581523755,72221.14286295725,18399.243057645464,479416.9180201164,1976395.1581481826,14910.899820121205,2902884.900219022,17773.246230763576,500705.5361289871,22755875.56146479,883196.5618014043,9841.890250053633,160240.67703370913,298191.3185878201,48477.77642976779,38631.978310637984,8930.586633038392
96,96,5198731.118877192,174984.7167117709,7688.283928410454,8866.982124127302,101736.37534973955,7021518.6126788985,84679.51524029054,3388438.217964902,17478.458837743336,231509.56314179144,4161734.1119534886,296751.59520982986,19666.75472984233,115822.54581523755,72221.14286295725,18399.243057645464,479416.9180201164,1976395.1581481805,14910.899820121205,113553.00334713276,17773.246230763576,500705.5361289871,22755875.56146479,883196.5618014043,9841.890250053633,160240.67703370913,298191.3185878201,48477.77642976779,38631.978310637984,8930.586633037352
97,97,5198731.118877192,174984.7167117709,7688.283928410454,8866.982124127302,101736.37534973955,7021518.6126788985,84679.51524029054,4217232.383210179,17478.45883774249,231509.56314179144,4161734.1119534886,296751.59520982986,19666.75472984233,115822.54581523755,72221.14286295675,18399.243057645464,479416.9180201164,1976395.1581481826,14910.899820121205,113553.00334713276,17773.246230763576,500705.5361289871,22755875.56146479,883196.5618014043,9841.890250053633,160240.67703370913,298191.3185878201,48477.77642976779,38631.978310637984,8930.586633037352
98,98,5198731.118877192,174984.7167117709,7688.283928410454,8866.982124127302,101736.37534973955,7021518.6126788985,84679.51524029054,4217232.383210179,5141.2580779237705,231509.56314179144,4161734.1119534886,296751.59520982986,19666.75472984233,115822.54581523755,72221.14286295725,18399.243057645563,479416.9180201164,1976395.1581481826,14910.899820121205,113553.00334713276,17773.246230763576,500705.5361289871,22755875.56146479,883196.5618014043,9841.890250053633,160240.67703370913,298191.3185878198,48477.77642976779,38631.978310637984,8930.586633037352
99,99,5198731.118877192,174984.7167117709,7688.283928408517,8866.982124127302,101736.37534973955,7021518.6126788985,84679.51524029054,349158.82443989284,17478.45883774249,231509.56314179144,4161734.1119534886,296751.59520982986,19666.75472984233,115822.54581523755,72221.14286295725,18399.243057645563,479416.9180201164,1976395.1581481826,14910.899820121205,113553.00334713276,17773.246230763576,500705.5361289871,22755875.56146479,883196.5618014043,9841.890250053633,160240.67703370727,298191.3185878198,48477.77642976779,38631.978310637984,8930.586633037352
100,100,5198731.118877192,174984.7167117709,7688.283928408517,8866.982124127302,101736.37534973955,7021518.6126788985,84679.51524029054,349158.82443989284,17478.45883774249,231509.56314179144,4161734.1119534886,296751.59520982986,19666.75472984233,115822.54581523755,72221.14286295725,18399.243057645563,479416.9180201164,1976395.1581481805,14910.899820121205,113553.00334713276,17773.246230763576,500705.5361289871,22755875.56146479,883196.5618014043,9841.890250053633,160240.67703370727,298191.3185878198,48477.77642976779,38631.978310637984,8930.586633037352
